id,slug,title
283673,city-nature-challenge-loja-biodiversa-2026,City Nature Challenge: Loja Biodiversa 2026
281647,city-nature-challenge-2026-greater-lansing-area,City Nature Challenge 2026: Greater Lansing Area
281643,city-nature-challenge-2026-town-of-fort-erie,City Nature Challenge 2026: Town of Fort Erie
281581,city-nature-challenge-2026-regionalni-park-mura-drava,City Nature Challenge 2026: Regionalni park Mura-Drava
280983,cnc-2026-puebla-y-zona-metropolitana,CNC 2026 Puebla y Zona Metropolitana
280775,city-nature-challenge-2026-high-peak,City Nature Challenge 2026: High Peak
280261,city-nature-challenge-2026-siskiyou-county-california,City Nature Challenge 2026: Siskiyou County California
279685,city-nature-challenge-2026-meghalaya,CITY NATURE CHALLENGE 2026: MEGHALAYA
279635,city-nature-challenge-2026-mendocino-county,City Nature Challenge 2026: Mendocino County
278729,city-nature-challenge-2026-tuolumne-county,City Nature Challenge 2026: Tuolumne County
278696,city-nature-challenge-2026-merced-county,City Nature Challenge 2026: Merced County
278682,city-nature-challenge-2026-butte-county,City Nature Challenge 2026: Butte County
278546,city-nature-challenge-2026-kzn-midlands,City Nature Challenge 2026: KZN Midlands
278154,city-nature-challenge-2026-fresno-madera-counties,City Nature Challenge 2026: Fresno & Madera Counties
278102,reto-naturalista-urbano-2026-puerto-penasco,Reto Naturalista Urbano 2026: Puerto Peñasco
278092,reto-naturalista-urbano-2026-mexicali,Reto Naturalista Urbano 2026: Mexicali
277768,city-nature-challenge-2026-sangli-city,City Nature Challenge 2026 - Sangli City
277726,reto-naturalista-urbano-2026-manizales-colombia,"Reto Naturalista Urbano 2026: Manizales, Colombia"
277723,reto-naturalista-urbano-2026-bucaramanga,Reto Naturalista Urbano 2026: Bucaramanga
277420,city-nature-challenge-2026-paris-lamar-county-tx-usa,"City Nature Challenge 2026: Paris/Lamar County, TX, USA"
276950,city-nature-challenge-2026-martin-county,City Nature Challenge 2026: Martin County
276680,biomaraton-cnc-villafruela-2026,BIOMARATON CNC VILLAFRUELA 2026
272558,reto-naturalista-urbano-2026-la-convencion-peru,"Reto Naturalista Urbano 2026: La Convención, Perú"
270832,reto-mundial-naturalista-cuetzalan,"Reto Mundial Naturalista ""Cuetzalan"""
224570,city-nature-challenge-2026-orange-county,City Nature Challenge 2026: Orange County
